ticker,cik,name,sector,sub_industry,ig_name,index_tenure_y,adv_usd,mom_12_1,dd_52w,ret_12m,roic_years,fcf_pos_years,gm,fcf_margin,roic,rev_cagr5,fcf_cagr5,gm_ttm,fcf_margin_ttm,brake_gm,brake_fcf_margin,brake_roic,dq_flags,price,shares_cover,mktcap,ev,ic,stack,revenue_ttm,ebit_ttm,fcf_ttm,fcf_adj_ttm,ebitda_ttm,ni_ttm,nopat_ttm,t_eff,roic_ttm,ev_ebit,ev_fcf,fcf_yield,pe_ttm,fcf_ni,nd_ebitda,goodwill,intangibles,goodwill_share_ic,ev_fcf_self_pct,ev_fcf_self_z,ev_fcf_self_ratio,ev_fcf_self_n,gate_fail_reasons,gates_pass,input_coverage,peer_level,peer_set,pct_roic,pct_fcf_margin,pct_gm,pct_roic_years,pct_fcf_pos_years,pct_fcf_ni,pct_nd_ebitda,pct_ev_ebit,pct_mom_sector,quality_weight_used,quality_score,quality_component_values,cheapness_score,quality_floor_pass,residual,residual_fitted,residual_pct,composite,flag_derated_quality,evidence_derated,flag_beaten_but_delivering,evidence_beaten
NVDA,1045810,Nvidia,Information Technology,Semiconductors,Semiconductors and Semiconductor Equipment,24.78028747433265,26553671639.404716,0.26783930991854477,-0.05133594504880268,0.23053077485356233,7.0,5.0,0.6812645648281168,0.30037149871533764,0.8681689785553793,0.6689858183148778,,0.7467439020365053,0.3953031653299007,1.0961144034034838,1.316047517892268,0.9734364233761907,,218.2899932861328,24100000000.0,5260788838195.801,5228083838195.801,196279000000.0,-32705000000.0,302970000000.0,197579000000.0,127006000000.0,119765000000.0,201266000000.0,192880000000.0,165876816790.93597,0.16045320205621064,0.8451073053711093,26.460726282630244,43.65285215376613,0.022908010603236734,27.27493176169536,0.6584715885524679,-0.16249639780191388,21125000000.0,2998000000.0,0.12290158396975734,,,,,['fcf_cagr5 gate'],False,0.9,sector,Information Technology,100.0,90.9090909090909,60.0,45.45454545454545,8.333333333333332,16.666666666666664,72.72727272727273,50.0,66.66666666666666,0.9999999999999999,54.9659090909091,"{'profitability': 83.6, 'consistency': 26.9, 'accounting': 16.7, 'balance': 72.7}",,False,0.2630841611315158,33.55495224614094,,,False,"{""floor"": false, ""depressed_arms"": {""self_pct"": false, ""self_z"": false, ""median_ratio"": false}, ""yield_arm"": false, ""residual_arm"": false, ""brakes"": {""gm"": true, ""fcf_margin"": true, ""roic"": true}, ""self_pct"": null, ""self_z"": null, ""median_ratio"": null, ""fcf_yield"": 0.022908010603236734, ""yield_threshold"": 0.0483, ""gs10"": 0.0483, ""residual_pct"": null, ""brake_values"": {""gm"": 1.0961144034034838, ""fcf_margin"": 1.316047517892268, ""roic"": 0.9734364233761907}}",False,"{""floor"": false, ""mom_sector_pct"": 66.66666666666666, ""eps_rev_proxy"": null}"
AAPL,320193,Apple Inc.,Information Technology,"Technology Hardware, Storage & Peripherals",Technology Hardware and Equipment,43.780971937029435,16038535929.281082,0.3118302195942122,-0.0035459441610576903,0.42477633147368743,10.0,10.0,0.4446632673722596,0.2357035364187658,0.8363871871701066,0.08677354924090741,0.061266824126846364,0.4865291555900202,0.2634338925031543,1.094151892656138,1.1176493000729568,1.0844822458532013,,332.2699890136719,14594180000.0,4849208028263.55,4882876028263.55,141188000000.0,33668000000.0,466823000000.0,154859000000.0,136683000000.0,122977000000.0,167959000000.0,128930000000.0,128064159621.82341,0.17302733698510642,0.907047055145079,31.531109126776936,39.70560371665881,0.025185361923622935,37.611169070530906,1.0601334057240364,0.2004536821486196,5889000000.0,2149000000.0,0.05693118395331048,85.76923076923076,0.9474277334789288,1.1792251003865357,260.0,[],True,1.0,sector,Information Technology,90.9090909090909,54.54545454545454,30.0,86.36363636363636,62.5,33.33333333333333,45.45454545454546,25.0,75.0,0.9999999999999999,56.13825757575758,"{'profitability': 58.5, 'consistency': 74.4, 'accounting': 33.3, 'balance': 45.5}",18.585020341792763,False,0.16855947636444313,33.54651062930064,,37.361638958775174,False,"{""floor"": false, ""depressed_arms"": {""self_pct"": false, ""self_z"": false, ""median_ratio"": false}, ""yield_arm"": false, ""residual_arm"": false, ""brakes"": {""gm"": true, ""fcf_margin"": true, ""roic"": true}, ""self_pct"": 85.76923076923076, ""self_z"": 0.9474277334789288, ""median_ratio"": 1.1792251003865357, ""fcf_yield"": 0.025185361923622935, ""yield_threshold"": 0.0483, ""gs10"": 0.0483, ""residual_pct"": null, ""brake_values"": {""gm"": 1.094151892656138, ""fcf_margin"": 1.1176493000729568, ""roic"": 1.0844822458532013}}",False,"{""floor"": false, ""mom_sector_pct"": 75.0, ""eps_rev_proxy"": null}"
MSFT,789019,Microsoft,Information Technology,Systems Software,Software and Services,32.27926078028747,14567583780.219025,-0.022283840011624423,-0.04564864356012788,-0.019988469745512494,7.0,10.0,0.687708079904994,0.23212217229294924,0.40863576432843,0.1457190738095313,0.03604273274160441,0.6794409337058032,0.16448337898800322,0.9879786984612235,0.7086069260993187,0.7249715515875705,,495.6300048828125,7425545491.0,3680323147961.8765,3660306147961.8765,422370000000.0,-20017000000.0,331839000000.0,155237000000.0,66987000000.0,54582000000.0,194237000000.0,133749000000.0,125126818572.44446,0.19396265985271252,0.29624930409935474,23.57882558901471,67.06068205565711,0.014911867421360978,27.516640483008295,0.5008411277841329,-0.10305451587493629,119651000000.0,18609000000.0,0.32734332457324145,98.84615384615385,2.0354863947520445,1.4003313956990033,260.0,[],True,1.0,sector,Information Technology,54.54545454545454,45.45454545454545,70.0,45.45454545454545,62.5,8.333333333333332,54.54545454545455,66.66666666666667,41.66666666666667,0.9999999999999999,46.115530303030305,"{'profitability': 56.7, 'consistency': 54.0, 'accounting': 8.3, 'balance': 54.5}",24.473560226408292,False,0.6360865585723219,33.31239528812105,,35.2945452647193,False,"{""floor"": false, ""depressed_arms"": {""self_pct"": false, ""self_z"": false, ""median_ratio"": false}, ""yield_arm"": false, ""residual_arm"": false, ""brakes"": {""gm"": true, ""fcf_margin"": false, ""roic"": false}, ""self_pct"": 98.84615384615385, ""self_z"": 2.0354863947520445, ""median_ratio"": 1.4003313956990033, ""fcf_yield"": 0.014911867421360978, ""yield_threshold"": 0.0483, ""gs10"": 0.0483, ""residual_pct"": null, ""brake_values"": {""gm"": 0.9879786984612235, ""fcf_margin"": 0.7086069260993187, ""roic"": 0.7249715515875705}}",False,"{""floor"": false, ""mom_sector_pct"": 41.66666666666667, ""eps_rev_proxy"": null}"
CRM,1108524,Salesforce,Information Technology,Application Software,Software and Services,17.987679671457904,2821069935.557415,-0.18491227874452787,-0.06426442759045548,0.029068469473302327,0.0,10.0,0.7543583833559248,0.1780533061037523,0.0548903812298087,0.14335729427517552,0.2862300905601418,0.772816241066958,0.2614820883972871,1.0244682873794277,1.4685607030791135,1.714042535507176,,247.72000122070312,823000000.0,203873561004.63867,237761782004.63867,72266221000.0,33888221000.0,43938000000.0,8735000000.0,15154000000.0,11489000000.0,,9662000000.0,6799127527.59204,0.221622492548135,0.0940844482180968,27.21943697820706,20.69473252716848,0.048321474978581094,21.100554854547575,1.5684123369902712,,59250000000.0,6142000000.0,0.9048764290580519,11.538461538461538,-1.0113776328444715,0.48125348270350315,260.0,[],True,0.9,sector,Information Technology,9.090909090909092,18.181818181818183,80.0,9.090909090909092,62.5,83.33333333333334,,41.666666666666664,33.33333333333333,0.8999999999999999,46.340488215488215,"{'profitability': 35.8, 'consistency': 35.8, 'accounting': 83.3, 'balance': None}",56.40820719945668,False,-0.45642219251474536,32.66490934901855,,51.37434770747245,False,"{""floor"": false, ""depressed_arms"": {""self_pct"": true, ""self_z"": true, ""median_ratio"": true}, ""yield_arm"": true, ""residual_arm"": false, ""brakes"": {""gm"": true, ""fcf_margin"": true, ""roic"": true}, ""self_pct"": 11.538461538461538, ""self_z"": -1.0113776328444715, ""median_ratio"": 0.48125348270350315, ""fcf_yield"": 0.048321474978581094, ""yield_threshold"": 0.0483, ""gs10"": 0.0483, ""residual_pct"": null, ""brake_values"": {""gm"": 1.0244682873794277, ""fcf_margin"": 1.4685607030791135, ""roic"": 1.714042535507176}}",False,"{""floor"": false, ""mom_sector_pct"": 33.33333333333333, ""eps_rev_proxy"": null}"
QCOM,804328,Qualcomm,Information Technology,Semiconductors,Semiconductors and Semiconductor Equipment,27.140314852840522,2434708017.6145806,0.04014357416943182,-0.26844022803177214,0.14786818866348894,10.0,10.0,,0.1935039362198669,0.44486569161781153,0.13480513327048627,0.23808081787161428,,0.16279016996074339,,0.8412757545964062,0.5129665315292227,,181.97000122070312,1050000000.0,191068501281.73828,200398501281.73828,36988000000.0,9330000000.0,44069000000.0,10220000000.0,10416000000.0,7174000000.0,11793000000.0,9260000000.0,8440706386.014984,0.17409917945058864,0.22820121082553757,19.6084639218922,27.933997948388384,0.035798670918771716,20.633747438632643,1.1248380129589632,0.7911472907657084,14274000000.0,74000000.0,0.3879095923002055,84.23076923076923,1.1766839668525648,1.2450930053188103,260.0,[],True,0.9,sector,Information Technology,63.63636363636363,36.36363636363637,,86.36363636363636,62.5,41.66666666666667,27.272727272727266,83.33333333333334,50.0,0.9999999999999999,52.168560606060616,"{'profitability': 50.0, 'consistency': 74.4, 'accounting': 41.7, 'balance': 27.3}",41.621954216807985,False,-0.17691562705436725,33.34007538750412,,46.8952574114343,False,"{""floor"": false, ""depressed_arms"": {""self_pct"": false, ""self_z"": false, ""median_ratio"": false}, ""yield_arm"": false, ""residual_arm"": false, ""brakes"": {""gm"": false, ""fcf_margin"": false, ""roic"": false}, ""self_pct"": 84.23076923076923, ""self_z"": 1.1766839668525648, ""median_ratio"": 1.2450930053188103, ""fcf_yield"": 0.035798670918771716, ""yield_threshold"": 0.0483, ""gs10"": 0.0483, ""residual_pct"": null, ""brake_values"": {""gm"": null, ""fcf_margin"": 0.8412757545964062, ""roic"": 0.5129665315292227}}",False,"{""floor"": false, ""mom_sector_pct"": 50.0, ""eps_rev_proxy"": null}"
CSCO,858877,Cisco,Information Technology,Communications Equipment,Technology Hardware and Equipment,32.77754962354552,2310781673.5418687,0.7133997922821329,-0.07658735920600512,0.7203036665258549,10.0,10.0,0.6389395685235996,0.18949024147046223,0.28746408873207285,0.04915047605967504,-0.028620952708283687,0.645242795104619,0.14112909593367548,1.0098651373174217,0.7447829230597857,0.7521379298805595,,112.12999725341797,3942586873.0,442082255240.85175,450701255240.85175,58904000000.0,8619000000.0,63325000000.0,15368000000.0,12767000000.0,8937000000.0,16068000000.0,13267000000.0,12735789618.339684,0.17127865575613718,0.21621264461394274,29.327255026083535,50.4309337854819,0.019829099422463616,33.32194582353597,0.9623125047109369,0.5364077669902912,59477000000.0,7557000000.0,1.1380211870161618,93.46153846153847,2.700769968935067,3.1333024988001412,260.0,[],True,1.0,sector,Information Technology,45.45454545454545,27.27272727272727,50.0,86.36363636363636,62.5,25.0,36.36363636363637,33.33333333333334,91.66666666666666,0.9999999999999999,45.6534090909091,"{'profitability': 40.9, 'consistency': 74.4, 'accounting': 25.0, 'balance': 36.4}",17.12520041497438,False,0.4181141921328342,33.19803077815752,,31.38930475294174,False,"{""floor"": false, ""depressed_arms"": {""self_pct"": false, ""self_z"": false, ""median_ratio"": false}, ""yield_arm"": false, ""residual_arm"": false, ""brakes"": {""gm"": true, ""fcf_margin"": false, ""roic"": false}, ""self_pct"": 93.46153846153847, ""self_z"": 2.700769968935067, ""median_ratio"": 3.1333024988001412, ""fcf_yield"": 0.019829099422463616, ""yield_threshold"": 0.0483, ""gs10"": 0.0483, ""residual_pct"": null, ""brake_values"": {""gm"": 1.0098651373174217, ""fcf_margin"": 0.7447829230597857, ""roic"": 0.7521379298805595}}",False,"{""floor"": false, ""mom_sector_pct"": 91.66666666666666, ""eps_rev_proxy"": null}"
UNH,731766,UnitedHealth Group,Health Care,Managed Health Care,Health Care Equipment and Services,32.19712525667351,2076763480.064677,0.17014863786403223,-0.11404804187973838,0.10420339708640847,7.0,10.0,,0.056981498442376356,0.16799688955692765,0.11721651214881779,,,0.050194499798946524,,0.8808911869825025,0.720563516050539,,379.0899963378906,897594847.0,340269227262.1395,388863227262.1395,153107000000.0,48594000000.0,450129000000.0,21676000000.0,23617000000.0,22594000000.0,,14122000000.0,18533974311.926605,0.14495412844036698,0.12105242942469388,17.939805649665047,17.210906756755755,0.05810269116747568,24.09497431398807,1.6723551904829344,,110645000000.0,2795000000.0,0.7409197489337522,26.153846153846157,-0.1669249800356705,0.8319973611491898,260.0,['fcf_cagr5 gate'],False,0.8,sector,Health Care,75.0,37.5,,87.5,75.0,100.0,,62.5,50.0,0.8999999999999999,72.91666666666667,"{'profitability': 56.2, 'consistency': 81.2, 'accounting': 100.0, 'balance': None}",62.06316029141917,True,-0.6808551563212184,34.00128958747698,41.66666666666667,67.48991347904293,False,"{""floor"": true, ""depressed_arms"": {""self_pct"": false, ""self_z"": false, ""median_ratio"": false}, ""yield_arm"": true, ""residual_arm"": false, ""brakes"": {""gm"": false, ""fcf_margin"": false, ""roic"": false}, ""self_pct"": 26.153846153846157, ""self_z"": -0.1669249800356705, ""median_ratio"": 0.8319973611491898, ""fcf_yield"": 0.05810269116747568, ""yield_threshold"": 0.0483, ""gs10"": 0.0483, ""residual_pct"": 41.66666666666667, ""brake_values"": {""gm"": null, ""fcf_margin"": 0.8808911869825025, ""roic"": 0.720563516050539}}",False,"{""floor"": true, ""mom_sector_pct"": 50.0, ""eps_rev_proxy"": null}"
ADBE,796343,Adobe Inc.,Information Technology,Application Software,Software and Services,29.352498288843258,1329439305.966992,-0.24427524592437977,-0.31065865008214055,-0.27802265198254206,10.0,10.0,0.8841245778690814,0.3178719147729066,0.5715377896003243,0.13057654594156753,0.13166711980319734,0.8940392094610683,0.32744662274783715,1.0112140662528386,1.03012127693562,1.2550153438062182,,252.22999572753906,397500000.0,100261423301.69678,98798423301.69678,10055000000.0,-1463000000.0,25198000000.0,9090000000.0,10280000000.0,8251000000.0,9849000000.0,7229000000.0,7212337833.388212,0.20656349467676435,0.7172886955134969,10.868913454532098,11.974115052926527,0.08351347849756927,13.869335081158773,1.4220500760824457,-0.14854299928926795,14041000000.0,1031000000.0,1.4989557434112382,7.307692307692308,-1.5377705846824268,0.3720827394031251,260.0,[],True,1.0,sector,Information Technology,81.81818181818183,100.0,100.0,86.36363636363636,62.5,58.333333333333336,63.63636363636363,91.66666666666667,25.0,0.9999999999999999,78.91098484848486,"{'profitability': 93.9, 'consistency': 74.4, 'accounting': 58.3, 'balance': 63.6}",83.14227884338843,True,-1.0264627264211237,33.421852998982416,8.333333333333332,81.02663184593663,True,"{""floor"": true, ""depressed_arms"": {""self_pct"": true, ""self_z"": true, ""median_ratio"": true}, ""yield_arm"": true, ""residual_arm"": true, ""brakes"": {""gm"": true, ""fcf_margin"": true, ""roic"": true}, ""self_pct"": 7.307692307692308, ""self_z"": -1.5377705846824268, ""median_ratio"": 0.3720827394031251, ""fcf_yield"": 0.08351347849756927, ""yield_threshold"": 0.0483, ""gs10"": 0.0483, ""residual_pct"": 8.333333333333332, ""brake_values"": {""gm"": 1.0112140662528386, ""fcf_margin"": 1.03012127693562, ""roic"": 1.2550153438062182}}",False,"{""floor"": true, ""mom_sector_pct"": 25.0, ""eps_rev_proxy"": null}"
PEP,77476,PepsiCo,Consumer Staples,Soft Drinks & Non-alcoholic Beverages,Food Beverage and Tobacco,69.52224503764545,1095248144.0638907,0.009867609607965955,-0.17608239002718484,-0.011749229708314601,10.0,10.0,0.5385972080414163,0.07609798619323727,0.15382900276402628,0.0594397460523417,0.03779825265584025,0.5395649302402378,0.09249360191529761,1.0017967456651706,1.2154540026910383,1.067434171205139,,136.32000732421875,1364891558.0,186062027183.32434,233887027183.32434,69923000000.0,47825000000.0,96904000000.0,14362000000.0,9282000000.0,8963000000.0,17961000000.0,10451000000.0,11481519805.367598,0.2005626092906561,0.1642023340727314,16.285129312304996,26.094725781917255,0.038321920236194455,17.803275015149204,0.8881446751507033,2.653137353154056,19093000000.0,15177000000.0,0.49011055017662286,1.153846153846154,-1.7919295753006919,0.6999034233816925,260.0,[],True,1.0,market,MARKET,66.66666666666666,47.05882352941176,66.66666666666666,93.75,66.66666666666666,11.11111111111111,22.222222222222214,55.55555555555556,33.33333333333333,0.9999999999999999,51.55535130718955,"{'profitability': 60.1, 'consistency': 80.2, 'accounting': 11.1, 'balance': 22.2}",62.28088979634853,False,0.14530847190644813,22.565557619668756,,56.918120551769036,False,"{""floor"": false, ""depressed_arms"": {""self_pct"": true, ""self_z"": true, ""median_ratio"": true}, ""yield_arm"": false, ""residual_arm"": false, ""brakes"": {""gm"": true, ""fcf_margin"": true, ""roic"": true}, ""self_pct"": 1.153846153846154, ""self_z"": -1.7919295753006919, ""median_ratio"": 0.6999034233816925, ""fcf_yield"": 0.038321920236194455, ""yield_threshold"": 0.0483, ""gs10"": 0.0483, ""residual_pct"": null, ""brake_values"": {""gm"": 1.0017967456651706, ""fcf_margin"": 1.2154540026910383, ""roic"": 1.067434171205139}}",False,"{""floor"": false, ""mom_sector_pct"": 33.33333333333333, ""eps_rev_proxy"": null}"
TMO,97745,Thermo Fisher Scientific,Health Care,Life Sciences Tools & Services,Pharmaceuticals Biotechnology and Life Sciences,22.105407255304584,1080947070.149725,0.23145761270514642,-0.030908849306883868,0.2765260644375831,5.0,10.0,,0.15323784555708894,0.12231647635766617,0.06699288544037874,-0.015811300096795544,,0.15104886049723756,,0.9857151146187586,0.8140779051777547,,609.8200073242188,369747286.0,225479292656.63,245726292656.63,72926000000.0,20247000000.0,46336000000.0,8145000000.0,7318000000.0,6999000000.0,11087000000.0,6984000000.0,7261616721.04174,0.10845712448842972,0.09957514084197323,30.168973929604665,35.10877163260894,0.028482910494971644,32.285122087146334,1.047823596792669,1.8255614683863985,54832000000.0,15839000000.0,0.9690782436990922,56.53846153846154,0.13579923322689894,1.0191452625979476,260.0,[],True,0.9,sector,Health Care,62.5,87.5,,62.5,75.0,57.14285714285714,28.57142857142857,12.5,62.5,0.9999999999999999,65.2232142857143,"{'profitability': 75.0, 'consistency': 68.8, 'accounting': 57.1, 'balance': 28.6}",28.765461383785606,False,0.03515527603688762,33.895956408171735,,46.994337834749956,False,"{""floor"": false, ""depressed_arms"": {""self_pct"": false, ""self_z"": false, ""median_ratio"": false}, ""yield_arm"": false, ""residual_arm"": false, ""brakes"": {""gm"": false, ""fcf_margin"": true, ""roic"": false}, ""self_pct"": 56.53846153846154, ""self_z"": 0.13579923322689894, ""median_ratio"": 1.0191452625979476, ""fcf_yield"": 0.028482910494971644, ""yield_threshold"": 0.0483, ""gs10"": 0.0483, ""residual_pct"": null, ""brake_values"": {""gm"": null, ""fcf_margin"": 0.9857151146187586, ""roic"": 0.8140779051777547}}",False,"{""floor"": false, ""mom_sector_pct"": 62.5, ""eps_rev_proxy"": null}"
MCHP,827054,Microchip Technology,Information Technology,Semiconductors,Semiconductors and Semiconductor Equipment,19.01163586584531,828886842.1827642,0.24818797887077038,-0.2518149112478839,0.17686965881454997,4.0,10.0,0.6239912727819514,0.2532650122478004,0.10521743310090795,-0.028221913703690094,-0.13741197174832065,0.601936630029479,0.16270034945239442,0.9646555269048142,0.6424114725061376,0.533981680382873,,74.19999694824219,543008691.0,40291243215.068985,45524643215.068985,11684400000.0,5233400000.0,5122300000.0,794800000.0,1110900000.0,833400000.0,1469700000.0,478400000.0,656478453.038674,0.17403314917127072,0.05618418173279535,57.2781117451799,54.62520184193543,0.018306568511977674,84.22082611845524,2.3221153846153846,3.560862761107709,6695500000.0,5939500000.0,1.0813563383656841,75.0,1.3307506032099983,2.5192873728088974,260.0,"['rev_cagr5 gate', 'fcf_cagr5 gate']",False,1.0,sector,Information Technology,27.27272727272727,63.63636363636363,40.0,18.181818181818183,62.5,100.0,9.090909090909093,0.0,58.333333333333336,0.9999999999999999,50.63068181818182,"{'profitability': 43.6, 'consistency': 40.3, 'accounting': 100.0, 'balance': 9.1}",14.903735259475656,False,0.5078318349458417,32.873389920949215,,32.76720853882874,False,"{""floor"": false, ""depressed_arms"": {""self_pct"": false, ""self_z"": false, ""median_ratio"": false}, ""yield_arm"": false, ""residual_arm"": false, ""brakes"": {""gm"": false, ""fcf_margin"": false, ""roic"": false}, ""self_pct"": 75.0, ""self_z"": 1.3307506032099983, ""median_ratio"": 2.5192873728088974, ""fcf_yield"": 0.018306568511977674, ""yield_threshold"": 0.0483, ""gs10"": 0.0483, ""residual_pct"": null, ""brake_values"": {""gm"": 0.9646555269048142, ""fcf_margin"": 0.6424114725061376, ""roic"": 0.533981680382873}}",False,"{""floor"": false, ""mom_sector_pct"": 58.333333333333336, ""eps_rev_proxy"": null}"
SYK,310764,Stryker Corporation,Health Care,Health Care Equipment,Health Care Equipment and Services,25.746748802190282,797868404.9912908,-0.10611046538138524,-0.2849759223636785,-0.27384156073781696,4.0,10.0,0.6368841552583351,0.13986665078941377,0.09937658813598717,0.11844250103109899,0.08950386245589304,0.6497658396872702,0.17227232263807718,1.0202261028517974,1.2316897678307468,1.118869809346284,,275.55999755859375,383573046.0,105697387619.30237,117761387619.30237,36052000000.0,12064000000.0,25837000000.0,5534000000.0,4702000000.0,4451000000.0,7153000000.0,3729000000.0,4008602564.102564,0.27564102564102566,0.11118946422119616,21.27961467641893,26.45728771496346,0.03779676929749792,28.34470035379522,1.2609278626977742,1.685306864252761,19584000000.0,5681000000.0,0.7007932985687341,0.38461538461538464,-2.4686073156726294,0.5570074299935768,260.0,[],True,1.0,sector,Health Care,25.0,75.0,66.66666666666666,37.5,75.0,85.71428571428571,42.85714285714286,37.5,25.0,0.9999999999999999,60.49107142857143,"{'profitability': 55.6, 'consistency': 56.2, 'accounting': 85.7, 'balance': 42.9}",60.82432490689644,False,-0.24573334219482756,33.82719248806224,,60.65769816773394,False,"{""floor"": false, ""depressed_arms"": {""self_pct"": true, ""self_z"": true, ""median_ratio"": true}, ""yield_arm"": false, ""residual_arm"": false, ""brakes"": {""gm"": true, ""fcf_margin"": true, ""roic"": true}, ""self_pct"": 0.38461538461538464, ""self_z"": -2.4686073156726294, ""median_ratio"": 0.5570074299935768, ""fcf_yield"": 0.03779676929749792, ""yield_threshold"": 0.0483, ""gs10"": 0.0483, ""residual_pct"": null, ""brake_values"": {""gm"": 1.0202261028517974, ""fcf_margin"": 1.2316897678307468, ""roic"": 1.118869809346284}}",False,"{""floor"": false, ""mom_sector_pct"": 25.0, ""eps_rev_proxy"": null}"
FTNT,1262039,Fortinet,Information Technology,Systems Software,Software and Services,7.917864476386037,785543856.980819,1.008157553890498,-0.05981923298663405,0.9587099237759529,,10.0,0.7794200707206859,0.2829603198027521,,0.21252104718544174,0.18370167203478394,0.8020432021680793,0.374750910008768,1.029025595179343,1.3243938594287774,,ev_or_ic_nonpos,156.07000732421875,733713653.0,114510695197.5893,110904295197.5893,-2055300000.0,-3606400000.0,7527400000.0,2442200000.0,3117000000.0,2820900000.0,2601300000.0,2120742685.0,,,,45.41163508213467,39.31521684483296,0.025435444091450456,53.99556297306729,1.4697681251226384,-1.3863837312113174,257400000.0,85984000.0,-0.16707244684474287,63.46153846153846,0.39862740609795716,1.1586157554468977,260.0,[],True,0.8,sector,Information Technology,,81.81818181818183,90.0,,62.5,66.66666666666666,90.9090909090909,8.333333333333343,100.0,0.9999999999999999,76.70833333333334,"{'profitability': 85.9, 'consistency': 62.5, 'accounting': 66.7, 'balance': 90.9}",23.071809698023372,True,,,,49.89007151567836,False,"{""floor"": true, ""depressed_arms"": {""self_pct"": false, ""self_z"": false, ""median_ratio"": false}, ""yield_arm"": false, ""residual_arm"": false, ""brakes"": {""gm"": true, ""fcf_margin"": true, ""roic"": false}, ""self_pct"": 63.46153846153846, ""self_z"": 0.39862740609795716, ""median_ratio"": 1.1586157554468977, ""fcf_yield"": 0.025435444091450456, ""yield_threshold"": 0.0483, ""gs10"": 0.0483, ""residual_pct"": null, ""brake_values"": {""gm"": 1.029025595179343, ""fcf_margin"": 1.3243938594287774, ""roic"": null}}",False,"{""floor"": true, ""mom_sector_pct"": 100.0, ""eps_rev_proxy"": null}"
PWR,1050915,Quanta Services,Industrials,Construction & Engineering,Capital Goods,17.196440793976727,755107585.4997522,0.7942749957322208,-0.15495082327480303,0.7021776772709336,3.0,10.0,0.1475346341239276,0.039690042546249055,0.09980306622556404,0.2051545611518748,,0.1545648187486818,0.06580795583911814,1.047651079805769,1.6580469966096667,1.273563132684261,,650.5800170898438,150343393.0,97810407187.2851,100492785187.2851,12320320000.0,2682378000.0,32905140000.0,2035759000.0,2391158000.0,2165420000.0,3066283000.0,1340415000.0,1565980503.6620963,0.230763315470006,0.12710550567372408,49.36379266272928,46.40798791333094,0.021548014576015365,72.97024219162356,1.78389379408616,0.8408803101344526,7868886000.0,3217584000.0,0.899852438897691,38.05668016194332,-0.04750173072768882,0.8974216302719404,247.0,['fcf_cagr5 gate'],False,1.0,market,MARKET,46.666666666666664,23.52941176470588,11.11111111111111,40.625,66.66666666666666,94.44444444444444,66.66666666666667,0.0,100.0,0.9999999999999999,51.16309232026145,"{'profitability': 27.1, 'consistency': 53.6, 'accounting': 94.4, 'balance': 66.7}",27.640874961039906,False,0.7252770107176079,22.47030336514136,,39.40198364065068,False,"{""floor"": false, ""depressed_arms"": {""self_pct"": false, ""self_z"": false, ""median_ratio"": false}, ""yield_arm"": false, ""residual_arm"": false, ""brakes"": {""gm"": true, ""fcf_margin"": true, ""roic"": true}, ""self_pct"": 38.05668016194332, ""self_z"": -0.04750173072768882, ""median_ratio"": 0.8974216302719404, ""fcf_yield"": 0.021548014576015365, ""yield_threshold"": 0.0483, ""gs10"": 0.0483, ""residual_pct"": null, ""brake_values"": {""gm"": 1.047651079805769, ""fcf_margin"": 1.6580469966096667, ""roic"": 1.273563132684261}}",False,"{""floor"": false, ""mom_sector_pct"": 100.0, ""eps_rev_proxy"": null}"
VRTX,875320,Vertex Pharmaceuticals,Health Care,Biotechnology,Pharmaceuticals Biotechnology and Life Sciences,12.966461327857632,704304477.3630108,0.28190505554666445,-0.0595018448643434,0.3064659317066212,6.0,9.0,,0.1994603070790299,0.428173124778365,0.14100488310526438,0.013024357577106516,,0.24683805770941908,,1.2375297186904322,0.6352873450517654,,515.4400024414062,253460924.0,130643899285.36108,125063599285.36108,14667600000.0,-5580300000.0,12587200000.0,4777100000.0,3796100000.0,3107000000.0,4999200000.0,4405200000.0,3989777404.493317,0.16481183050526116,0.2720129676629658,26.179816056888296,40.25220446905732,0.024843359840545386,29.6567464100066,0.8617315899391628,-1.1162385981757081,1088000000.0,236300000.0,0.09028743625405657,86.47342995169082,1.1449210724608188,1.2847226858473655,207.0,[],True,0.9,sector,Health Care,100.0,100.0,,75.0,37.5,42.857142857142854,71.42857142857143,25.0,75.0,0.9999999999999999,74.77678571428572,"{'profitability': 100.0, 'consistency': 56.2, 'accounting': 42.9, 'balance': 71.4}",17.305949128634204,True,0.1596186782302773,34.31374811526193,58.333333333333336,46.04136742145997,False,"{""floor"": true, ""depressed_arms"": {""self_pct"": false, ""self_z"": false, ""median_ratio"": false}, ""yield_arm"": false, ""residual_arm"": false, ""brakes"": {""gm"": false, ""fcf_margin"": true, ""roic"": false}, ""self_pct"": 86.47342995169082, ""self_z"": 1.1449210724608188, ""median_ratio"": 1.2847226858473655, ""fcf_yield"": 0.024843359840545386, ""yield_threshold"": 0.0483, ""gs10"": 0.0483, ""residual_pct"": 58.333333333333336, ""brake_values"": {""gm"": null, ""fcf_margin"": 1.2375297186904322, ""roic"": 0.6352873450517654}}",False,"{""floor"": true, ""mom_sector_pct"": 75.0, ""eps_rev_proxy"": null}"
HLT,1585689,Hilton Worldwide,Consumer Discretionary,"Hotels, Resorts & Cruise Lines",Consumer Services,9.229295003422314,668535050.2178692,0.19281705658567994,-0.12186271042354324,0.11669856709089399,2.0,10.0,,0.12342923101055385,-0.7223651229167325,0.22823963694173832,0.2509558783459027,,0.14769723668402082,,1.1966147360295223,,ev_or_ic_nonpos,306.19000244140625,225064910.0,68912625342.37488,69083625342.37488,-6132000000.0,171000000.0,12485000000.0,2915000000.0,2029000000.0,1844000000.0,3107000000.0,1584000000.0,2069636934.1102643,0.29000448229493503,,23.69935689275296,37.46400506636382,0.026692287656607933,43.505445291903335,1.2809343434343434,0.04602510460251046,5068000000.0,5664000000.0,-1.7501630789302023,69.61538461538461,0.08416075627724946,1.138478471644264,260.0,[],True,0.9,market,MARKET,6.666666666666667,64.70588235294117,,25.0,66.66666666666666,50.0,88.88888888888889,27.777777777777786,85.71428571428571,0.9999999999999999,46.40604575163399,"{'profitability': 35.7, 'consistency': 45.8, 'accounting': 50.0, 'balance': 88.9}",28.105725512668656,False,,,,37.25588563215132,False,"{""floor"": false, ""depressed_arms"": {""self_pct"": false, ""self_z"": false, ""median_ratio"": false}, ""yield_arm"": false, ""residual_arm"": false, ""brakes"": {""gm"": false, ""fcf_margin"": true, ""roic"": false}, ""self_pct"": 69.61538461538461, ""self_z"": 0.08416075627724946, ""median_ratio"": 1.138478471644264, ""fcf_yield"": 0.026692287656607933, ""yield_threshold"": 0.0483, ""gs10"": 0.0483, ""residual_pct"": null, ""brake_values"": {""gm"": null, ""fcf_margin"": 1.1966147360295223, ""roic"": null}}",False,"{""floor"": false, ""mom_sector_pct"": 85.71428571428571, ""eps_rev_proxy"": null}"
TGT,27419,Target Corporation,Consumer Staples,Consumer Staples Merchandise Retail,Consumer Staples Distribution and Retail,49.69472963723477,608254493.0380952,0.786743438033594,-0.05808752701001152,0.8023578516371273,7.0,9.0,,0.02532634640431261,0.16184166717729576,0.02290831244420044,-0.18482759213389788,,0.038568311591848106,,1.5228533550058618,0.8981180245106296,,155.8300018310547,454296736.0,70793061202.72217,85104061202.72217,32154000000.0,14311000000.0,107705000000.0,6023000000.0,4456000000.0,4154000000.0,9196000000.0,4393000000.0,4673677738.515902,0.22402826855123675,0.14535291840877967,14.129845791585948,20.487255946731384,0.04881083160185461,16.114969543073563,1.0143409970407467,1.55622009569378,631000000.0,37000000.0,0.020775020215214282,42.73504273504273,-0.011520032180940333,0.9529079530362703,234.0,['fcf_cagr5 gate'],False,0.9,market,MARKET,73.33333333333333,5.88235294117647,,62.5,25.0,22.22222222222222,55.55555555555556,61.11111111111111,100.0,0.9999999999999999,38.76102941176471,"{'profitability': 39.6, 'consistency': 43.8, 'accounting': 22.2, 'balance': 55.6}",52.976582813889706,False,-0.09711818318029941,22.57676352798772,,45.86880611282721,False,"{""floor"": false, ""depressed_arms"": {""self_pct"": false, ""self_z"": false, ""median_ratio"": false}, ""yield_arm"": true, ""residual_arm"": false, ""brakes"": {""gm"": false, ""fcf_margin"": true, ""roic"": false}, ""self_pct"": 42.73504273504273, ""self_z"": -0.011520032180940333, ""median_ratio"": 0.9529079530362703, ""fcf_yield"": 0.04881083160185461, ""yield_threshold"": 0.0483, ""gs10"": 0.0483, ""residual_pct"": null, ""brake_values"": {""gm"": null, ""fcf_margin"": 1.5228533550058618, ""roic"": 0.8981180245106296}}",False,"{""floor"": false, ""mom_sector_pct"": 100.0, ""eps_rev_proxy"": null}"
ORLY,898173,O'Reilly Automotive,Consumer Discretionary,Automotive Retail,Consumer Discretionary Distribution and Retail,17.45927446954141,604234132.4207289,-0.15302322742550867,-0.1911404247969276,-0.20167442144349568,7.0,10.0,0.5158929378182571,0.14335644687557894,0.3862844775184415,0.08910774866946913,-0.07643881962372256,0.5163568171154846,0.11427847165081478,1.0008991774517972,0.7971631143313608,0.9413561323683274,,85.81999969482422,808960792.0,69425014922.56476,79050146922.56476,7789407000.0,9625132000.0,18572562000.0,3632030000.0,2156259000.0,2122444000.0,4169744000.0,2650374000.0,2832471895.6995807,0.2201408315185776,0.3636312617506802,21.764728518917728,37.244868143783656,0.026849336562006453,26.1944219655659,0.81356782099432,2.3083268421274785,955211000.0,32591000.0,0.1268135045453396,78.46153846153847,1.5837531075519191,6.28760841095879,260.0,['fcf_cagr5 gate'],False,1.0,market,MARKET,100.0,82.35294117647058,55.55555555555556,62.5,66.66666666666666,5.555555555555555,33.33333333333334,38.888888888888886,42.857142857142854,0.9999999999999999,56.27655228758171,"{'profitability': 79.3, 'consistency': 64.6, 'accounting': 5.6, 'balance': 33.3}",26.780291164680367,False,0.49208697455507666,22.76962003452994,,41.528421726131036,False,"{""floor"": false, ""depressed_arms"": {""self_pct"": false, ""self_z"": false, ""median_ratio"": false}, ""yield_arm"": false, ""residual_arm"": false, ""brakes"": {""gm"": true, ""fcf_margin"": false, ""roic"": true}, ""self_pct"": 78.46153846153847, ""self_z"": 1.5837531075519191, ""median_ratio"": 6.28760841095879, ""fcf_yield"": 0.026849336562006453, ""yield_threshold"": 0.0483, ""gs10"": 0.0483, ""residual_pct"": null, ""brake_values"": {""gm"": 1.0008991774517972, ""fcf_margin"": 0.7971631143313608, ""roic"": 0.9413561323683274}}",False,"{""floor"": false, ""mom_sector_pct"": 42.857142857142854, ""eps_rev_proxy"": null}"
MMM,66740,3M,Industrials,Industrial Conglomerates,Capital Goods,69.52224503764545,532055631.6604346,0.17318602494447344,-0.09408318383414516,0.0642636029241308,9.0,10.0,,0.1100731211136183,0.05916036905505795,-0.04965970683619114,-0.2673264480198516,,0.14964257347100873,,1.3594833321437896,4.544911314528985,,164.97000122070312,515722417.0,85078727762.03397,95371727762.03397,13245000000.0,10293000000.0,25180000000.0,4624000000.0,3985000000.0,3768000000.0,6013000000.0,2997000000.0,3561297463.4896235,0.22982321291314373,0.2688786306900433,20.625373650958903,25.310968089711775,0.03950856389434085,28.387963884562552,1.329662996329663,1.7029768834192582,6374000000.0,474000000.0,0.5170252925632314,69.65811965811966,0.14563217861062258,1.5618673955862996,234.0,"['rev_cagr5 gate', 'fcf_cagr5 gate']",False,0.9,market,MARKET,20.0,52.94117647058824,,81.25,66.66666666666666,66.66666666666666,50.0,44.44444444444444,66.66666666666666,0.9999999999999999,53.234681372549026,"{'profitability': 36.5, 'consistency': 74.0, 'accounting': 66.7, 'balance': 50.0}",35.774137795753234,False,0.12415634298417721,22.355703533038326,,44.504409584151134,False,"{""floor"": false, ""depressed_arms"": {""self_pct"": false, ""self_z"": false, ""median_ratio"": false}, ""yield_arm"": false, ""residual_arm"": false, ""brakes"": {""gm"": false, ""fcf_margin"": true, ""roic"": true}, ""self_pct"": 69.65811965811966, ""self_z"": 0.14563217861062258, ""median_ratio"": 1.5618673955862996, ""fcf_yield"": 0.03950856389434085, ""yield_threshold"": 0.0483, ""gs10"": 0.0483, ""residual_pct"": null, ""brake_values"": {""gm"": null, ""fcf_margin"": 1.3594833321437896, ""roic"": 4.544911314528985}}",False,"{""floor"": false, ""mom_sector_pct"": 66.66666666666666, ""eps_rev_proxy"": null}"
HUM,49071,Humana,Health Care,Managed Health Care,Health Care Equipment and Services,13.752224503764545,487819290.32332104,0.4276649668028776,0.0,0.5038095471669926,9.0,10.0,,0.017930433103986752,0.23947953147923498,0.10940742423348393,,,0.0075,,0.4182832593336749,0.6111740959985007,,409.79998779296875,120061500.0,49201201234.40552,43533201234.40552,12912000000.0,-5668000000.0,137200000000.0,2444000000.0,1272000000.0,1029000000.0,3247000000.0,1130000000.0,1889847915.7233043,0.22673980535053015,0.14636368616196593,17.812275464159377,42.3063180120559,0.023637131449610747,43.540886048146476,1.1256637168141592,-1.7659377887280567,10489000000.0,342000000.0,0.8388320941759604,85.71428571428571,0.7156887549235591,2.780710099017891,217.0,['fcf_cagr5 gate'],False,0.9,sector,Health Care,87.5,25.0,,100.0,75.0,71.42857142857143,85.71428571428572,75.0,87.5,0.9999999999999999,70.04464285714288,"{'profitability': 56.2, 'consistency': 87.5, 'accounting': 71.4, 'balance': 85.7}",34.2970217878244,True,0.2150716455870607,34.11935406932016,91.66666666666666,52.17083232248363,False,"{""floor"": true, ""depressed_arms"": {""self_pct"": false, ""self_z"": false, ""median_ratio"": false}, ""yield_arm"": false, ""residual_arm"": false, ""brakes"": {""gm"": false, ""fcf_margin"": false, ""roic"": false}, ""self_pct"": 85.71428571428571, ""self_z"": 0.7156887549235591, ""median_ratio"": 2.780710099017891, ""fcf_yield"": 0.023637131449610747, ""yield_threshold"": 0.0483, ""gs10"": 0.0483, ""residual_pct"": 91.66666666666666, ""brake_values"": {""gm"": null, ""fcf_margin"": 0.4182832593336749, ""roic"": 0.6111740959985007}}",False,"{""floor"": true, ""mom_sector_pct"": 87.5, ""eps_rev_proxy"": null}"
LULU,1397187,Lululemon Athletica,Consumer Discretionary,"Apparel, Accessories & Luxury Goods",Consumer Durables and Apparel,2.8993839835728954,456949747.38688546,-0.25220487456620255,-0.5305251061767371,-0.3809344827454558,7.0,10.0,0.5744094451198023,0.11167683961691992,0.3095378437279749,0.2032540125801856,0.09930078781039131,0.5610713221750043,0.113855248195977,0.9767794156970798,1.019506359479097,0.7458795680099587,,98.97000122070312,105594064.0,10450644642.979004,11710451642.979004,6050981000.0,1259807000.0,11093955000.0,1978775000.0,1354336000.0,1263105000.0,2518426000.0,1417977000.0,1397038107.9055164,0.2939883979201696,0.23087795316255602,5.918030924677644,9.271162447285858,0.10786133946911382,7.370108713314112,0.9551184539664607,0.500235861605622,185840000.0,2530000.0,0.031130489419814736,0.38461538461538464,-0.04516712087308987,0.2538658016129856,260.0,[],True,1.0,market,MARKET,93.33333333333333,58.82352941176471,88.88888888888889,62.5,66.66666666666666,16.666666666666664,77.77777777777777,94.44444444444444,14.285714285714285,0.9999999999999999,63.41380718954249,"{'profitability': 80.3, 'consistency': 64.6, 'accounting': 16.7, 'balance': 77.8}",96.5686274509804,False,-0.8963527706142989,22.72036232603462,,79.99121732026144,False,"{""floor"": false, ""depressed_arms"": {""self_pct"": true, ""self_z"": false, ""median_ratio"": true}, ""yield_arm"": true, ""residual_arm"": false, ""brakes"": {""gm"": true, ""fcf_margin"": true, ""roic"": false}, ""self_pct"": 0.38461538461538464, ""self_z"": -0.04516712087308987, ""median_ratio"": 0.2538658016129856, ""fcf_yield"": 0.10786133946911382, ""yield_threshold"": 0.0483, ""gs10"": 0.0483, ""residual_pct"": null, ""brake_values"": {""gm"": 0.9767794156970798, ""fcf_margin"": 1.019506359479097, ""roic"": 0.7458795680099587}}",False,"{""floor"": false, ""mom_sector_pct"": 14.285714285714285, ""eps_rev_proxy"": null}"
EBAY,1065088,eBay Inc.,Consumer Discretionary,Broadline Retail,Broadline Retail,24.139630390143736,418290639.7755897,0.14689205489476942,-0.07783612406965845,0.2017970357164891,10.0,10.0,0.7252681620699765,0.12918820021007876,0.16318813963468987,0.04531015795011939,-0.060198659443529756,0.7248500999333778,0.1485676215856096,0.9994235757772608,1.1500092217711608,1.1767147155484587,,107.75,445000000.0,47948750000.0,54598750000.0,11315000000.0,6650000000.0,12008000000.0,2464000000.0,2428000000.0,1784000000.0,2885000000.0,2222000000.0,2172772892.2952805,0.118192819685357,0.19202588531111625,22.158583603896105,30.60468049327354,0.03267474072208613,21.579095409540955,1.0927092709270927,2.3050259965337956,4471000000.0,119000000.0,0.40565620857269113,63.07692307692307,0.2931776199377042,1.1703378898321621,260.0,['fcf_cagr5 gate'],False,1.0,market,MARKET,80.0,76.47058823529412,100.0,93.75,66.66666666666666,27.77777777777778,38.888888888888886,33.33333333333334,71.42857142857143,0.9999999999999999,67.96711601307192,"{'profitability': 85.5, 'consistency': 80.2, 'accounting': 27.8, 'balance': 38.9}",33.92006927544937,False,0.3041507305564508,22.578592525892702,,50.94359264426065,False,"{""floor"": false, ""depressed_arms"": {""self_pct"": false, ""self_z"": false, ""median_ratio"": false}, ""yield_arm"": false, ""residual_arm"": false, ""brakes"": {""gm"": true, ""fcf_margin"": true, ""roic"": true}, ""self_pct"": 63.07692307692307, ""self_z"": 0.2931776199377042, ""median_ratio"": 1.1703378898321621, ""fcf_yield"": 0.03267474072208613, ""yield_threshold"": 0.0483, ""gs10"": 0.0483, ""residual_pct"": null, ""brake_values"": {""gm"": 0.9994235757772608, ""fcf_margin"": 1.1500092217711608, ""roic"": 1.1767147155484587}}",False,"{""floor"": false, ""mom_sector_pct"": 71.42857142857143, ""eps_rev_proxy"": null}"
JBL,898293,Jabil,Information Technology,Electronic Manufacturing Services,Technology Hardware and Equipment,2.732375085557837,386861925.5977572,0.6982095314054753,-0.17325318880899887,0.4876520403922875,9.0,7.0,0.08464506764772181,,0.2821004274407854,0.01794613089068231,,0.09225960107174755,,1.089958383112364,,0.8919975841394582,,318.0799865722656,104787089.0,33330675862.066803,36234075862.0668,4226400000.0,2903400000.0,33590000000.0,1439000000.0,1306000000.0,,2136000000.0,862000000.0,1063501287.553648,0.2609442060085837,0.2516328997618891,25.18003882006032,,,38.66667733418423,1.5150812064965198,1.3573970037453182,1228000000.0,627000000.0,0.43890781752791974,62.30769230769231,0.10918320325187351,1.1411879246839642,260.0,['fcf_cagr5 gate'],False,0.8,sector,Information Technology,36.36363636363637,,10.0,63.63636363636363,16.666666666666664,75.0,18.181818181818173,58.33333333333333,83.33333333333334,0.9999999999999999,37.287878787878796,"{'profitability': 23.2, 'consistency': 40.2, 'accounting': 75.0, 'balance': 18.2}",,False,,,,,False,"{""floor"": false, ""depressed_arms"": {""self_pct"": false, ""self_z"": false, ""median_ratio"": false}, ""yield_arm"": false, ""residual_arm"": false, ""brakes"": {""gm"": true, ""fcf_margin"": false, ""roic"": false}, ""self_pct"": 62.30769230769231, ""self_z"": 0.10918320325187351, ""median_ratio"": 1.1411879246839642, ""fcf_yield"": null, ""yield_threshold"": 0.0483, ""gs10"": 0.0483, ""residual_pct"": null, ""brake_values"": {""gm"": 1.089958383112364, ""fcf_margin"": null, ""roic"": 0.8919975841394582}}",False,"{""floor"": false, ""mom_sector_pct"": 83.33333333333334, ""eps_rev_proxy"": null}"
CARR,1783180,Carrier Global,Industrials,Building Products,Capital Goods,6.439425051334703,370751789.9899745,0.033656162198359985,-0.216379581495297,-0.05393623306084294,4.0,8.0,,0.07345111941520929,0.14208616627603568,0.04493896559222432,0.08976364718415653,,0.0737997256515775,,1.0047460983459977,0.5002508661498396,,57.459999084472656,830580423.0,47725150345.16091,58687150345.16091,24763000000.0,10962000000.0,21870000000.0,1802000000.0,1686000000.0,1614000000.0,3088000000.0,1310000000.0,1760122535.2112677,0.02323943661971831,0.07107872774749698,32.56778598510594,36.36130752488285,0.027501761297106214,36.43141247722207,1.2870229007633587,3.4368523316062176,15313000000.0,5987000000.0,0.8601542624076243,46.58634538152611,-0.017753804940301036,0.9815246732296534,249.0,[],True,0.9,market,MARKET,60.0,41.17647058823529,,50.0,16.666666666666664,55.55555555555556,5.555555555555557,5.555555555555557,50.0,0.9999999999999999,42.76470588235295,"{'profitability': 50.6, 'consistency': 33.3, 'accounting': 55.6, 'balance': 5.6}",28.74072446756324,False,0.4778568944285131,22.548044296608754,,35.7527151749581,False,"{""floor"": false, ""depressed_arms"": {""self_pct"": false, ""self_z"": false, ""median_ratio"": false}, ""yield_arm"": false, ""residual_arm"": false, ""brakes"": {""gm"": false, ""fcf_margin"": true, ""roic"": false}, ""self_pct"": 46.58634538152611, ""self_z"": -0.017753804940301036, ""median_ratio"": 0.9815246732296534, ""fcf_yield"": 0.027501761297106214, ""yield_threshold"": 0.0483, ""gs10"": 0.0483, ""residual_pct"": null, ""brake_values"": {""gm"": null, ""fcf_margin"": 1.0047460983459977, ""roic"": 0.5002508661498396}}",False,"{""floor"": false, ""mom_sector_pct"": 50.0, ""eps_rev_proxy"": null}"
FICO,814547,Fair Isaac,Information Technology,Application Software,Software and Services,3.479808350444901,363225118.47852504,-0.2967973867680387,-0.4675438350584825,-0.3618147187674966,7.0,10.0,,0.26441342845974425,0.48885827405245896,0.08989325752163668,0.1755600958063408,,0.34330823141117367,,1.298376687640283,1.5246749022878094,,985.3900146484375,21597635.0,21282093869.021606,26648481869.021606,1269253000.0,5366388000.0,2393575000.0,1236298000.0,996023000.0,821734000.0,1252442000.0,815017000.0,946037648.9477766,0.23478186574128843,0.74534994122352,21.55506347904923,32.42957194058127,0.030836053026917505,26.112453935343197,1.222088619010401,4.284739732458669,791815000.0,0.0,0.6238433157140459,1.9230769230769231,-1.2107162845796742,0.4964054941448625,260.0,[],True,0.9,sector,Information Technology,72.72727272727273,72.72727272727273,,45.45454545454545,62.5,50.0,0.0,75.0,16.666666666666664,0.9999999999999999,56.22159090909092,"{'profitability': 72.7, 'consistency': 54.0, 'accounting': 50.0, 'balance': 0.0}",64.69199237866349,False,-0.028611436555256553,33.37082973986116,,60.4567916438772,False,"{""floor"": false, ""depressed_arms"": {""self_pct"": true, ""self_z"": true, ""median_ratio"": true}, ""yield_arm"": false, ""residual_arm"": false, ""brakes"": {""gm"": false, ""fcf_margin"": true, ""roic"": true}, ""self_pct"": 1.9230769230769231, ""self_z"": -1.2107162845796742, ""median_ratio"": 0.4964054941448625, ""fcf_yield"": 0.030836053026917505, ""yield_threshold"": 0.0483, ""gs10"": 0.0483, ""residual_pct"": null, ""brake_values"": {""gm"": null, ""fcf_margin"": 1.298376687640283, ""roic"": 1.5246749022878094}}",False,"{""floor"": false, ""mom_sector_pct"": 16.666666666666664, ""eps_rev_proxy"": null}"
EQT,33213,EQT Corporation,Energy,Oil & Gas Exploration & Production,Energy,3.9397672826830936,361493816.2054677,0.08090917177512957,-0.1947826881293936,0.07395737880353992,1.0,9.0,,0.18301839434077882,0.07810968913478553,0.26673595375868553,0.4177006151182334,,0.3863223019934941,,2.110838658513007,1.1557025688113116,,54.06999969482422,625516000.0,33821649929.107666,43434487929.107666,34871714000.0,9612838000.0,9535318000.0,4049329000.0,3758333000.0,3683706000.0,6749857000.0,2711615000.0,3147924314.952893,0.22260593916846647,0.09027156838212463,10.726342050524337,11.790975699229978,0.08481062343850866,12.472880526589382,1.3860127636113533,0.8901398948155494,2062462000.0,193100000.0,0.06468170735743015,29.795918367346943,-0.03144495490427131,0.6303659604657229,245.0,[],True,0.9,market,MARKET,26.666666666666668,94.11764705882352,,12.5,25.0,72.22222222222221,61.11111111111111,77.77777777777777,100.0,0.9999999999999999,52.419526143790854,"{'profitability': 60.4, 'consistency': 18.8, 'accounting': 72.2, 'balance': 61.1}",73.48240271782711,False,-0.6424638063899368,22.416521949825658,,62.95096443080898,False,"{""floor"": false, ""depressed_arms"": {""self_pct"": false, ""self_z"": false, ""median_ratio"": true}, ""yield_arm"": true, ""residual_arm"": false, ""brakes"": {""gm"": false, ""fcf_margin"": true, ""roic"": true}, ""self_pct"": 29.795918367346943, ""self_z"": -0.03144495490427131, ""median_ratio"": 0.6303659604657229, ""fcf_yield"": 0.08481062343850866, ""yield_threshold"": 0.0483, ""gs10"": 0.0483, ""residual_pct"": null, ""brake_values"": {""gm"": null, ""fcf_margin"": 2.110838658513007, ""roic"": 1.1557025688113116}}",False,"{""floor"": false, ""mom_sector_pct"": 100.0, ""eps_rev_proxy"": null}"
DLTR,935703,Dollar Tree,Consumer Staples,Consumer Staples Merchandise Retail,Consumer Staples Distribution and Retail,14.729637234770705,342164583.222703,0.32775785984242023,-0.15562700431749055,0.21262187654770237,2.0,10.0,0.3495958375040161,0.044157082398457184,0.09459558989745447,-0.0533172843938553,-0.10278720660484053,0.35166638403144235,0.09526968388081439,1.0059226864433202,2.157517632644657,1.7475721453456945,,118.16999816894531,187630299.0,22172272089.26866,28784972089.26866,10038000000.0,6612700000.0,20049400000.0,2201400000.0,1978100000.0,1910100000.0,2849500000.0,1612500000.0,1659408059.2564988,0.24620329823907575,0.165312617977336,13.075757285940156,15.06987701652723,0.06635754219515486,13.750246256910797,1.2267286821705425,2.3206527460958064,422100000.0,2150000000.0,0.25623630205220166,0.40816326530612246,-0.12959733673848556,0.22380843769985356,245.0,"['rev_cagr5 gate', 'fcf_cagr5 gate']",False,1.0,market,MARKET,33.33333333333333,29.411764705882355,44.44444444444444,25.0,66.66666666666666,44.44444444444444,27.777777777777786,66.66666666666667,66.66666666666666,0.9999999999999999,39.203431372549026,"{'profitability': 35.7, 'consistency': 45.8, 'accounting': 44.4, 'balance': 27.8}",76.37785089384057,False,-0.39897277884465954,22.458532990473433,,57.7906411331948,False,"{""floor"": false, ""depressed_arms"": {""self_pct"": true, ""self_z"": false, ""median_ratio"": true}, ""yield_arm"": true, ""residual_arm"": false, ""brakes"": {""gm"": true, ""fcf_margin"": true, ""roic"": true}, ""self_pct"": 0.40816326530612246, ""self_z"": -0.12959733673848556, ""median_ratio"": 0.22380843769985356, ""fcf_yield"": 0.06635754219515486, ""yield_threshold"": 0.0483, ""gs10"": 0.0483, ""residual_pct"": null, ""brake_values"": {""gm"": 1.0059226864433202, ""fcf_margin"": 2.157517632644657, ""roic"": 1.7475721453456945}}",False,"{""floor"": false, ""mom_sector_pct"": 66.66666666666666, ""eps_rev_proxy"": null}"
RSG,1060391,Republic Services,Industrials,Environmental & Facilities Services,Commercial and Professional Services,17.765913757700204,307982245.83918035,-0.04943779889922806,-0.030405406751797592,-0.013887460881414682,3.0,10.0,,0.1269890658754349,0.09658821431055244,0.1031904727551265,0.13534847394906713,,0.15446095553845243,,1.2163327171015261,1.1366463408611134,,222.74000549316406,306212978.0,68205880401.79813,82328880401.79813,26155000000.0,14123000000.0,16891000000.0,3368000000.0,2653000000.0,2609000000.0,5234000000.0,2185883000.0,2871469578.783151,0.14742589703588144,0.10978664036639844,24.444441924524384,31.555722653046427,0.031689973035792886,31.20289622170909,1.213697164944327,2.6981276270538785,17186000000.0,707000000.0,0.6841139361498757,19.230769230769234,-0.8932778153372,0.9073738576413967,260.0,[],True,0.9,market,MARKET,40.0,70.58823529411765,,40.625,66.66666666666666,38.88888888888889,16.666666666666657,16.666666666666657,33.33333333333333,0.9999999999999999,47.73825571895426,"{'profitability': 55.3, 'consistency': 53.6, 'accounting': 38.9, 'balance': 16.7}",42.742286028384925,False,0.33988050531158454,22.463110959842464,,45.24027087366959,False,"{""floor"": false, ""depressed_arms"": {""self_pct"": true, ""self_z"": false, ""median_ratio"": false}, ""yield_arm"": false, ""residual_arm"": false, ""brakes"": {""gm"": false, ""fcf_margin"": true, ""roic"": true}, ""self_pct"": 19.230769230769234, ""self_z"": -0.8932778153372, ""median_ratio"": 0.9073738576413967, ""fcf_yield"": 0.031689973035792886, ""yield_threshold"": 0.0483, ""gs10"": 0.0483, ""residual_pct"": null, ""brake_values"": {""gm"": null, ""fcf_margin"": 1.2163327171015261, ""roic"": 1.1366463408611134}}",False,"{""floor"": false, ""mom_sector_pct"": 33.33333333333333, ""eps_rev_proxy"": null}"
BBY,764478,Best Buy,Consumer Discretionary,Computer & Electronics Retail,Consumer Discretionary Distribution and Retail,27.20328542094456,301914376.59877247,0.2025903712439363,0.0,0.2635409823255799,,10.0,0.22215726981438438,0.026280750494786436,,-0.024772266419715416,-0.21476938825639136,,,,,,,90.80000305175781,209727698.0,19043275618.43814,20999275618.43814,5139000000.0,1956000000.0,,1710000000.0,1768000000.0,1630000000.0,2508000000.0,1272000000.0,,,,12.28027813943751,12.882991176955915,0.07762172513078497,14.971128630847595,1.389937106918239,0.7799043062200957,790000000.0,18000000.0,0.15722903288577544,23.46153846153846,-0.5445826094074872,0.8052883037657669,260.0,"['rev_cagr5 gate', 'fcf_cagr5 gate']",False,0.8,market,MARKET,,17.647058823529413,33.33333333333333,,66.66666666666666,77.77777777777779,72.22222222222223,72.22222222222223,100.0,0.9999999999999999,50.915032679738566,"{'profitability': 25.5, 'consistency': 66.7, 'accounting': 77.8, 'balance': 72.2}",72.01200773531393,False,,,,61.463520207526244,False,"{""floor"": false, ""depressed_arms"": {""self_pct"": false, ""self_z"": false, ""median_ratio"": false}, ""yield_arm"": true, ""residual_arm"": false, ""brakes"": {""gm"": false, ""fcf_margin"": false, ""roic"": false}, ""self_pct"": 23.46153846153846, ""self_z"": -0.5445826094074872, ""median_ratio"": 0.8052883037657669, ""fcf_yield"": 0.07762172513078497, ""yield_threshold"": 0.0483, ""gs10"": 0.0483, ""residual_pct"": null, ""brake_values"": {""gm"": null, ""fcf_margin"": null, ""roic"": null}}",False,"{""floor"": false, ""mom_sector_pct"": 100.0, ""eps_rev_proxy"": null}"
GEHC,1932393,GE HealthCare,Health Care,Health Care Equipment,Health Care Equipment and Services,3.685147159479808,278449725.0560478,-0.03414112103355649,-0.2667594217508047,-0.1620660010673881,4.0,5.0,0.4043097433798857,0.07797945144186538,0.1205654516473139,,,0.39148672482005814,0.06558939892273226,0.968284171307296,0.8411113147112858,0.8858697303362978,,63.93000030517578,454891786.0,29081232017.801956,37411232017.801956,18998000000.0,8330000000.0,20979000000.0,2649000000.0,1519000000.0,1376000000.0,3244000000.0,1909000000.0,2029086788.066641,0.23401782254939946,0.10680528413867992,14.122775393658722,27.188395361774678,0.0367803979121895,15.233751711787301,0.7957045573598743,2.5641183723797782,15060000000.0,1908000000.0,0.8931466470154753,,,,,"['rev_cagr5 gate', 'fcf_cagr5 gate']",False,0.9,sector,Health Care,50.0,50.0,33.33333333333333,37.5,25.0,28.57142857142857,14.285714285714292,87.5,37.5,0.9999999999999999,34.955357142857146,"{'profitability': 44.4, 'consistency': 31.2, 'accounting': 28.6, 'balance': 14.3}",,False,-0.2203645047421805,33.89117804625299,,,False,"{""floor"": false, ""depressed_arms"": {""self_pct"": false, ""self_z"": false, ""median_ratio"": false}, ""yield_arm"": false, ""residual_arm"": false, ""brakes"": {""gm"": false, ""fcf_margin"": false, ""roic"": false}, ""self_pct"": null, ""self_z"": null, ""median_ratio"": null, ""fcf_yield"": 0.0367803979121895, ""yield_threshold"": 0.0483, ""gs10"": 0.0483, ""residual_pct"": null, ""brake_values"": {""gm"": 0.968284171307296, ""fcf_margin"": 0.8411113147112858, ""roic"": 0.8858697303362978}}",False,"{""floor"": false, ""mom_sector_pct"": 37.5, ""eps_rev_proxy"": null}"
TYL,860731,Tyler Technologies,Information Technology,Application Software,Software and Services,6.220396988364135,275503224.4731239,-0.3969797234127096,-0.3699094010839703,-0.38224551008184904,5.0,10.0,0.44257870946283956,0.1694487536317592,0.0671333835728164,0.15870784367787483,0.139115892484327,0.4720526395289541,0.22971596402290528,1.0665959058488992,1.3556662949679579,1.5633371200422344,,336.6700134277344,40952274.0,13787402637.476257,13461640637.476257,2711469000.0,-325762000.0,2429657000.0,367814000.0,714266000.0,558131000.0,511990000.0,324616000.0,284574394.19593483,0.22630896541204287,0.10495211053341744,36.59904364019928,24.119141630685732,0.04146084530337281,42.47296078282111,2.2003413263671536,-0.6362663333268228,2754742000.0,780414000.0,1.303778874108463,2.6923076923076925,-1.8416839367616984,0.38350319086713164,260.0,[],True,1.0,sector,Information Technology,18.181818181818183,9.090909090909092,20.0,27.27272727272727,62.5,91.66666666666666,81.81818181818181,16.666666666666657,8.333333333333332,0.9999999999999999,44.827651515151516,"{'profitability': 15.8, 'consistency': 44.9, 'accounting': 91.7, 'balance': 81.8}",49.202959473364785,False,-0.30526424060145363,32.729277848771375,,47.01530549425815,False,"{""floor"": false, ""depressed_arms"": {""self_pct"": true, ""self_z"": true, ""median_ratio"": true}, ""yield_arm"": false, ""residual_arm"": false, ""brakes"": {""gm"": true, ""fcf_margin"": true, ""roic"": true}, ""self_pct"": 2.6923076923076925, ""self_z"": -1.8416839367616984, ""median_ratio"": 0.38350319086713164, ""fcf_yield"": 0.04146084530337281, ""yield_threshold"": 0.0483, ""gs10"": 0.0483, ""residual_pct"": null, ""brake_values"": {""gm"": 1.0665959058488992, ""fcf_margin"": 1.3556662949679579, ""roic"": 1.5633371200422344}}",False,"{""floor"": false, ""mom_sector_pct"": 8.333333333333332, ""eps_rev_proxy"": null}"
PODD,1145197,Insulet Corporation,Health Care,Health Care Equipment,Health Care Equipment and Services,3.4934976043805612,237410853.1763646,-0.5806074174912386,-0.6033663905255535,-0.6139036597074838,4.0,3.0,0.6798617974467656,0.002716455016479327,0.11991614217069668,0.2452622671955278,,0.7107486736097465,0.07067531276609682,1.0454311100858693,26.01747952288783,1.6272030894713552,,131.9600067138672,69354199.0,9151980565.674881,9734780565.674881,2005000000.0,582800000.0,3053400000.0,515700000.0,293700000.0,215800000.0,615000000.0,375300000.0,391231473.620376,0.24135839902971498,0.1951279170176439,18.876828709860153,45.11019724594477,0.02216793676489402,24.385772890154225,0.7825739408473221,0.9476422764227642,51600000.0,115100000.0,0.08314214463840398,,,,,"['mktcap<10B', 'fcf_cagr5 gate']",False,0.9,sector,Health Care,37.5,12.5,100.0,37.5,12.5,14.285714285714285,57.142857142857146,50.0,12.5,0.9999999999999999,37.32142857142858,"{'profitability': 50.0, 'consistency': 25.0, 'accounting': 14.3, 'balance': 57.1}",,False,0.2860063773642585,33.88938866320333,,,False,"{""floor"": false, ""depressed_arms"": {""self_pct"": false, ""self_z"": false, ""median_ratio"": false}, ""yield_arm"": false, ""residual_arm"": false, ""brakes"": {""gm"": true, ""fcf_margin"": true, ""roic"": true}, ""self_pct"": null, ""self_z"": null, ""median_ratio"": null, ""fcf_yield"": 0.02216793676489402, ""yield_threshold"": 0.0483, ""gs10"": 0.0483, ""residual_pct"": null, ""brake_values"": {""gm"": 1.0454311100858693, ""fcf_margin"": 26.01747952288783, ""roic"": 1.6272030894713552}}",False,"{""floor"": false, ""mom_sector_pct"": 12.5, ""eps_rev_proxy"": null}"
SW,2005951,Smurfit Westrock,Materials,Paper & Plastic Packaging Products & Materials,Materials,2.1765913757700206,228891429.249026,0.14550238801009452,-0.13688004979797186,0.00525105803278425,0.0,4.0,0.22182461030700198,0.025978773487826887,,,,0.17933984549575432,0.028730128327906532,0.8084758731123234,1.1059078035908383,,,43.220001220703125,524522908.0,22669880724.046753,36884880724.04675,32251000000.0,14215000000.0,31326000000.0,1477000000.0,1015000000.0,900000000.0,4217000000.0,497000000.0,1009181189.4882435,0.31673582295988933,0.03129146970600116,24.972837321629488,40.98320080449639,0.024400241571426673,45.61344210069769,2.0422535211267605,3.3651885226464313,7175000000.0,1021000000.0,0.2541316548324083,,,,,"['rev_cagr5 gate', 'fcf_cagr5 gate']",False,0.8,market,MARKET,,11.76470588235294,22.22222222222222,6.25,8.333333333333332,100.0,11.111111111111114,11.111111111111114,100.0,0.9999999999999999,30.58108660130719,"{'profitability': 17.0, 'consistency': 7.3, 'accounting': 100.0, 'balance': 11.1}",,False,,,,,False,"{""floor"": false, ""depressed_arms"": {""self_pct"": false, ""self_z"": false, ""median_ratio"": false}, ""yield_arm"": false, ""residual_arm"": false, ""brakes"": {""gm"": false, ""fcf_margin"": true, ""roic"": false}, ""self_pct"": null, ""self_z"": null, ""median_ratio"": null, ""fcf_yield"": 0.024400241571426673, ""yield_threshold"": 0.0483, ""gs10"": 0.0483, ""residual_pct"": null, ""brake_values"": {""gm"": 0.8084758731123234, ""fcf_margin"": 1.1059078035908383, ""roic"": null}}",False,"{""floor"": false, ""mom_sector_pct"": 100.0, ""eps_rev_proxy"": null}"
DECK,910521,Deckers Brands,Consumer Discretionary,Footwear,Consumer Durables and Apparel,2.4832306639288158,227774766.74461317,-0.214430410650712,-0.31900453211876745,-0.3141772435184269,,10.0,0.5451392780020936,0.1473557935506418,,0.1653985803329907,0.14238355335082042,0.5780379857105354,0.1937606302113025,1.0603491787071624,1.3149169472234747,,,81.2699966430664,136414227.0,11086383770.356499,9935650770.356499,1150949000.0,-1150733000.0,5527289000.0,1252917000.0,1117808000.0,1070971000.0,1326979000.0,1014840000.0,,,,7.930015132970898,9.277236050608746,0.10779072501172188,10.92426763859968,1.1014622994757794,-0.8714342879578351,13990000.0,15699000.0,0.02579523506254404,56.15384615384615,0.2960400061629499,1.5586170241831265,260.0,[],True,0.8,market,MARKET,,88.23529411764706,77.77777777777779,,66.66666666666666,33.33333333333333,94.44444444444444,88.88888888888889,28.57142857142857,0.9999999999999999,70.13071895424838,"{'profitability': 83.0, 'consistency': 66.7, 'accounting': 33.3, 'balance': 94.4}",74.31372549019608,True,,,,72.22222222222223,False,"{""floor"": true, ""depressed_arms"": {""self_pct"": false, ""self_z"": false, ""median_ratio"": false}, ""yield_arm"": true, ""residual_arm"": false, ""brakes"": {""gm"": true, ""fcf_margin"": true, ""roic"": false}, ""self_pct"": 56.15384615384615, ""self_z"": 0.2960400061629499, ""median_ratio"": 1.5586170241831265, ""fcf_yield"": 0.10779072501172188, ""yield_threshold"": 0.0483, ""gs10"": 0.0483, ""residual_pct"": null, ""brake_values"": {""gm"": 1.0603491787071624, ""fcf_margin"": 1.3149169472234747, ""roic"": null}}",False,"{""floor"": true, ""mom_sector_pct"": 28.57142857142857, ""eps_rev_proxy"": null}"
CRL,1100682,Charles River Laboratories,Health Care,Life Sciences Tools & Services,Pharmaceuticals Biotechnology and Life Sciences,5.327857631759069,215267485.32564417,0.8317089993521827,-0.05735286607188461,0.8200013792691849,3.0,10.0,,0.09496074369946848,0.07064427351154012,0.06549616324686203,0.0641150832577817,,0.07190420974111694,,0.7571993114194556,0.2182226519264275,,278.260009765625,47738872.0,13283818988.919922,15220602988.919922,4776420000.0,1936784000.0,3998987000.0,90144000.0,370605000.0,287544000.0,388026000.0,-238458000.0,73634153.8625793,0.18314969534767375,0.015416180709104162,168.84765474041447,52.93312671771945,0.018891761397976294,,,4.97500167514548,3076851000.0,253174000.0,0.6971801056021036,75.76923076923077,0.8364742168133019,1.3074225478183128,260.0,[],True,0.8,sector,Health Care,12.5,62.5,,12.5,75.0,,0.0,0.0,100.0,0.7999999999999999,34.765625,"{'profitability': 37.5, 'consistency': 43.8, 'accounting': None, 'balance': 0.0}",13.902822537039949,False,0.45110102603977964,33.71451075147432,,24.334223768519976,False,"{""floor"": false, ""depressed_arms"": {""self_pct"": false, ""self_z"": false, ""median_ratio"": false}, ""yield_arm"": false, ""residual_arm"": false, ""brakes"": {""gm"": false, ""fcf_margin"": false, ""roic"": false}, ""self_pct"": 75.76923076923077, ""self_z"": 0.8364742168133019, ""median_ratio"": 1.3074225478183128, ""fcf_yield"": 0.018891761397976294, ""yield_threshold"": 0.0483, ""gs10"": 0.0483, ""residual_pct"": null, ""brake_values"": {""gm"": null, ""fcf_margin"": 0.7571993114194556, ""roic"": 0.2182226519264275}}",False,"{""floor"": false, ""mom_sector_pct"": 100.0, ""eps_rev_proxy"": null}"
LDOS,1336920,Leidos,Industrials,Diversified Support Services,Commercial and Professional Services,7.091033538672143,187364954.8091292,-0.20950284614576953,-0.34639604396723656,-0.2917787496951576,8.0,10.0,,0.06787180373843497,0.17179116565275226,0.07000095748778401,0.07140978486624738,,0.11736928941230017,,1.729279066526935,1.4192149774830598,,128.86000061035156,125492209.0,16170926128.334366,17364926128.334366,6478000000.0,1194000000.0,17577000000.0,2030000000.0,2163000000.0,2063000000.0,2332000000.0,1376000000.0,1579392080.3123257,0.22197434467373117,0.24380859529365942,8.554150802135156,8.417317560995814,0.11880269370301559,11.752126546754626,1.5719476744186047,0.4897084048027444,7663000000.0,947000000.0,1.3291139240506329,0.7692307692307693,-2.9251986207766136,0.42840808135663894,260.0,[],True,0.9,market,MARKET,86.66666666666667,35.294117647058826,,75.0,66.66666666666666,83.33333333333334,83.33333333333334,83.33333333333334,16.666666666666664,0.9999999999999999,70.14950980392159,"{'profitability': 61.0, 'consistency': 70.8, 'accounting': 83.3, 'balance': 83.3}",90.29411764705883,True,-0.9572619047980964,22.58993719630469,25.0,80.22181372549021,False,"{""floor"": true, ""depressed_arms"": {""self_pct"": true, ""self_z"": true, ""median_ratio"": true}, ""yield_arm"": true, ""residual_arm"": false, ""brakes"": {""gm"": false, ""fcf_margin"": true, ""roic"": true}, ""self_pct"": 0.7692307692307693, ""self_z"": -2.9251986207766136, ""median_ratio"": 0.42840808135663894, ""fcf_yield"": 0.11880269370301559, ""yield_threshold"": 0.0483, ""gs10"": 0.0483, ""residual_pct"": 25.0, ""brake_values"": {""gm"": null, ""fcf_margin"": 1.729279066526935, ""roic"": 1.4192149774830598}}",False,"{""floor"": true, ""mom_sector_pct"": 16.666666666666664, ""eps_rev_proxy"": null}"
WYNN,1174922,Wynn Resorts,Consumer Discretionary,Casinos & Gaming,Consumer Services,17.82340862422998,145265253.37209544,-0.14787933817850718,-0.316544223488756,-0.2711305926947021,2.0,4.0,,,0.04537821734209471,0.03629135635884517,,,,,,2.166672817002169,,87.69999694824219,102973891.0,9030809926.448624,19178828926.448624,9978568000.0,10148019000.0,,1165387000.0,791874000.0,705544000.0,1750987000.0,448885000.0,981090311.1093489,0.1581420497145164,0.09831974999913304,16.45704725249949,27.18303738172052,0.036787647603812625,20.11831521759164,1.764091025541063,6.216628107461677,18463000.0,224242000.0,0.024322628256880145,36.64596273291926,-0.15487109809736088,0.9059664509052462,161.0,"['mktcap<10B', 'fcf_cagr5 gate']",False,0.8,market,MARKET,13.333333333333334,,,25.0,8.333333333333332,88.88888888888889,0.0,50.0,57.14285714285714,0.9999999999999999,27.944444444444446,"{'profitability': 13.3, 'consistency': 16.7, 'accounting': 88.9, 'balance': 0.0}",48.38923545761438,False,0.19752803329593283,22.310671794425716,,38.16683995102942,False,"{""floor"": false, ""depressed_arms"": {""self_pct"": false, ""self_z"": false, ""median_ratio"": false}, ""yield_arm"": false, ""residual_arm"": false, ""brakes"": {""gm"": false, ""fcf_margin"": false, ""roic"": true}, ""self_pct"": 36.64596273291926, ""self_z"": -0.15487109809736088, ""median_ratio"": 0.9059664509052462, ""fcf_yield"": 0.036787647603812625, ""yield_threshold"": 0.0483, ""gs10"": 0.0483, ""residual_pct"": null, ""brake_values"": {""gm"": null, ""fcf_margin"": null, ""roic"": 2.166672817002169}}",False,"{""floor"": false, ""mom_sector_pct"": 57.14285714285714, ""eps_rev_proxy"": null}"
NDSN,72331,Nordson Corporation,Industrials,Industrial Machinery & Supplies & Components,Capital Goods,4.569472963723477,115836915.41224273,0.39636862503437853,-0.050642868415604836,0.4266481044382171,10.0,10.0,,0.1999210543180704,0.1401872631263255,0.056479601334163076,0.07907001567409888,,0.2351879911201945,,1.1764043158056536,0.9835044012205103,,314.4700012207031,55699366.0,17515779694.01239,19028267694.01239,4781547000.0,1512488000.0,2979795000.0,800961000.0,724013000.0,700812000.0,877217000.0,555178000.0,659254789.8380016,0.17692023726748038,0.1378747902797989,23.75679676540105,27.151743540368017,0.03683004734164655,31.549844723696527,1.3041096729337258,1.7241891117021215,3315820000.0,626343000.0,0.8244534666291056,32.30769230769231,-0.3903862706080163,0.9660769294234246,260.0,[],True,0.9,market,MARKET,53.333333333333336,100.0,,93.75,66.66666666666666,61.111111111111114,44.44444444444444,22.222222222222214,83.33333333333334,0.9999999999999999,71.21875000000001,"{'profitability': 76.7, 'consistency': 80.2, 'accounting': 61.1, 'balance': 44.4}",41.24509263386651,True,0.18592448007154916,22.545078257697167,75.0,56.23192131693327,False,"{""floor"": true, ""depressed_arms"": {""self_pct"": false, ""self_z"": false, ""median_ratio"": false}, ""yield_arm"": false, ""residual_arm"": false, ""brakes"": {""gm"": false, ""fcf_margin"": true, ""roic"": true}, ""self_pct"": 32.30769230769231, ""self_z"": -0.3903862706080163, ""median_ratio"": 0.9660769294234246, ""fcf_yield"": 0.03683004734164655, ""yield_threshold"": 0.0483, ""gs10"": 0.0483, ""residual_pct"": 75.0, ""brake_values"": {""gm"": null, ""fcf_margin"": 1.1764043158056536, ""roic"": 0.9835044012205103}}",False,"{""floor"": true, ""mom_sector_pct"": 83.33333333333334, ""eps_rev_proxy"": null}"
INTC,50863,Intel,Information Technology,Semiconductors,Semiconductors and Semiconductor Equipment,49.69472963723477,10988830721.621632,3.2566445317589787,-0.23173372474667098,3.2749170584533447,6.0,6.0,0.41104004759759505,-0.18210652988854154,0.020488957897299417,-0.07457071162960704,,0.38604643007434425,0.0076798990040678914,0.939194203413193,-0.04217256244885002,-0.02302713611809512,,102.94000244140625,5044000000.0,519229372314.4531,576635372314.4531,144948000000.0,57406000000.0,57032000000.0,-77000000.0,2831000000.0,438000000.0,12302000000.0,-11289000000.0,-68386759.5455941,0.11186026564163509,-0.0004718020224190337,,1316.5191148731806,0.0007595787928201326,,,3.3982279304178182,20465000000.0,4840000000.0,0.17457984932527526,,,,,"['rev_cagr5 gate', 'fcf_cagr5 gate', 'coverage<80%']",False,0.7,,,,,,,,,,,,,,,,,,,,,,,,
ORCL,1341439,Oracle Corporation,Information Technology,Application Software,Software and Services,37.02943189596167,4384546509.999918,-0.47896645782321023,-0.5075719546184714,-0.47979725046668376,3.0,8.0,,-0.041602494487030794,,0.10721151086579872,,,-0.42307406802559494,,10.169439915615746,,,150.27999877929688,2880471000.0,432877178363.80005,452180178363.80005,61811000000.0,19303000000.0,67357000000.0,20606000000.0,-23686000000.0,-28497000000.0,29900000000.0,17087000000.0,16382149208.145761,0.20498159719762385,0.2650361458016496,21.944102609133264,,-0.06302133831499539,25.333714424053376,-1.3862000351144144,0.46157190635451506,62261000000.0,3244000000.0,1.059762825387067,,,,,"['fcf_cagr5 gate', 'coverage<80%']",False,0.7,,,,,,,,,,,,,,,,,,,,,,,,
GILD,882095,Gilead Sciences,Health Care,Biotechnology,Pharmaceuticals Biotechnology and Life Sciences,22.195756331279945,878597238.2716074,0.2393222022651802,-0.061258754696280615,0.28733295487619603,4.0,10.0,,0.30410705427176765,0.14002419136083763,0.03584723676709367,0.0469381568096201,,0.3951144236136192,,1.299260961110498,-0.4265272119533539,,143.72000122070312,1239955155.0,178206356390.21713,199561356390.21713,33184000000.0,21355000000.0,30457000000.0,-2497000000.0,12943000000.0,12034000000.0,274000000.0,-3240000000.0,-1981885461.7985902,0.2062933673213495,-0.05972412794716098,,16.583127504588425,0.06030225599624121,,,78.24452554744525,8314000000.0,14032000000.0,0.6733968177434908,66.53846153846153,0.49751128510537335,1.1290579275581156,260.0,['coverage<80%'],True,0.7,,,,,,,,,,,,,,,,,,,,,,,,
COP,1163165,ConocoPhillips,Energy,Oil & Gas Exploration & Production,Energy,69.52224503764545,794417502.1773376,0.4055008571940655,0.0,0.5328375358618749,,6.0,,,,0.3055795231251637,,,,,,,,137.35000610351562,1201337479.0,165003710073.03207,180108710073.03207,80454000000.0,15105000000.0,56312000000.0,,,,,9282000000.0,,0.3650294157887536,,,,,17.776741011962084,,,0.0,745000000.0,0.009259949784970294,,,,,"['fcf_cagr5 gate', 'coverage<80%']",False,0.1,,,,,,,,,,,,,,,,,,,,,,,,
ADP,8670,Automatic Data Processing,Industrials,Human Resource & Employment Services,Commercial and Professional Services,45.44832306639288,598115345.9764714,-0.049077224554782806,-0.06685682651381697,-0.06545075830546809,,,,,,0.07901405164575914,,,,,,,,268.260009765625,397262737.0,106569705707.13892,107715005707.13892,7176500000.0,1145300000.0,21947400000.0,,,,,4413500000.0,,0.22979599671919446,,,,,24.146302414668384,,,3284400000.0,1653300000.0,0.6880373441092454,,,,,"['fcf_cagr5 gate', 'coverage<80%']",False,0.0,,,,,,,,,,,,,,,,,,,,,,,,
MO,764180,Altria,Consumer Staples,Tobacco,Food Beverage and Tobacco,69.52224503764545,573948889.6428049,0.0526099628206802,-0.0704756204293413,0.10516045877616942,10.0,10.0,0.5823659762021322,,0.43472117482102046,-0.023013503096606436,0.02161112490938999,0.6296201560301828,,1.081141724893024,,0.9899827182641115,,68.9800033569336,1669743926.0,115178941620.69948,137438941620.69948,19592000000.0,22260000000.0,23457000000.0,10973000000.0,9112000000.0,,11209000000.0,7973000000.0,8431739494.988435,0.23159213569776407,0.4303664503362819,12.525192893529525,,,14.446123368957666,1.1428571428571428,1.9814434829155143,5787000000.0,11089000000.0,0.8613719885667619,,,,,"['rev_cagr5 gate', 'coverage<80%']",False,0.7,,,,,,,,,,,,,,,,,,,,,,,,
WBD,1437107,Warner Bros. Discovery,Communication Services,Broadcasting,Media and Entertainment,4.418891170431212,552271363.8481771,0.483306758149316,-0.06470976171883802,0.4859565272105457,2.0,10.0,,0.11356386721569989,-0.05609484724786832,0.28437376883638876,0.05731335015126526,,0.037851308320642395,,0.3333041507713781,0.37952413454110395,,28.040000915527344,2510703314.0,70400123223.17754,87480123223.17754,49918000000.0,17080000000.0,36115000000.0,-1272000000.0,2180000000.0,1367000000.0,3803000000.0,-3167000000.0,-1062721691.1331075,0.1645269723796324,-0.02128934835396265,,63.99423791015182,0.0156264068868826,,,4.186957665001315,25861000000.0,27928000000.0,1.0775471773708882,98.84615384615385,3.347974280008436,3.94397499446557,260.0,['coverage<80%'],True,0.7,,,,,,,,,,,,,,,,,,,,,,,,
PCAR,75362,Paccar,Industrials,Construction Machinery & Heavy Transportation Equipment,Capital Goods,45.69472963723477,387627030.4345386,0.3073296119139919,-0.07553917557682877,0.2267648588971578,,10.0,,,,0.087176303639803,0.08551412442533901,,,,,,,122.7300033569336,526364953.0,64600772448.66219,61381372448.66219,17101900000.0,-3219400000.0,27815800000.0,,3696300000.0,,,2504200000.0,,0.21897514268783333,,,,,25.7969700697477,1.4760402523760083,,114200000.0,,0.006677620615253276,,,,,['coverage<80%'],True,0.2,,,,,,,,,,,,,,,,,,,,,,,,
APD,2969,Air Products,Materials,Industrial Gases,Materials,41.36618754277892,344737325.2349863,0.08327299593250848,-0.07244027368397743,0.021776353766375323,8.0,7.0,,-0.12132977792642055,0.10518534438721712,0.06329887156173086,,,-0.02783640951579883,,0.22942768042219605,-0.22650696748443516,,291.42999267578125,222685530.0,64897242376.902466,71120242376.90247,20106800000.0,6223000000.0,12602200000.0,-593100000.0,-301400000.0,-350800000.0,950800000.0,-47300000.0,-479048800.408176,0.19229674522310566,-0.023825213380954502,,,-0.004932491626517971,,,3.692048801009676,957400000.0,258400000.0,0.06046710565579804,,,,,"['fcf_cagr5 gate', 'coverage<80%']",False,0.6,,,,,,,,,,,,,,,,,,,,,,,,
KMI,1506307,Kinder Morgan,Energy,Oil & Gas Storage & Transportation,Energy,14.297056810403832,319985402.97174895,0.2378307288995254,-0.07817560959267733,0.1639079038558129,0.0,10.0,,,0.050499406165473285,0.08527968679767972,0.0033541386493711745,,,,,1.2291928368168543,,30.860000610351562,2226802089.0,68719113825.672134,102343113825.67213,65255000000.0,33624000000.0,16283000000.0,5217000000.0,3158000000.0,,7697000000.0,3467000000.0,4050606785.558939,0.22357546759460636,0.06207350832210465,19.617234775862016,,,19.82091543861325,0.9108739544274589,4.206314148369494,20084000000.0,1872000000.0,0.33646463872500193,,,,,['coverage<80%'],True,0.6,,,,,,,,,,,,,,,,,,,,,,,,
BR,1383312,Broadridge Financial Solutions,Industrials,Data Processing & Outsourced Services,Commercial and Professional Services,8.232717316906228,196027479.5693808,-0.31021101141448637,-0.2894327495801594,-0.31923355905184225,4.0,10.0,,0.10690486146074045,,0.08407333722918064,0.16796101908543926,,,,,,,167.74000549316406,114021798.0,19126017022.860443,22639817022.860443,6354300000.0,3513800000.0,7476800000.0,1300600000.0,1278400000.0,,1438300000.0,1124300000.0,1003242603.3503332,0.22863093699036352,0.15788404755053007,17.407209766923298,,,17.011488946776165,1.1370630614604642,2.443023013279566,3787800000.0,1199900000.0,0.7849330374706891,9.615384615384617,-0.9694932376422414,0.5781538868682984,260.0,['coverage<80%'],True,0.7,,,,,,,,,,,,,,,,,,,,,,,,
MOS,1285785,Mosaic Company (The),Materials,Fertilizers & Agricultural Chemicals,Materials,14.959616700889802,184753300.36211908,-0.3398024454677705,-0.26061193770981206,-0.22391721213195348,2.0,8.0,0.20301327034398797,0.046976507475192344,0.09879354906536131,0.06780943144483076,,0.10983107308191609,-0.07986675266780428,0.5410044027950345,-1.7001424107567134,-0.08997533136229668,capex_gt_2x_cfo,25.190000534057617,317895646.0,8007791492.514591,12118291492.514591,15574400000.0,4110500000.0,12247900000.0,-169800000.0,-947100000.0,-978200000.0,984100000.0,-638200000.0,-138440566.14513743,0.1846845338920058,-0.0088889823136132,,,-0.08072094986361975,,,4.003150086373336,969200000.0,,0.06223032668995274,,,,,"['mktcap<10B', 'fcf_cagr5 gate', 'coverage<80%']",False,0.7,,,,,,,,,,,,,,,,,,,,,,,,
